City,Latitude,Longitude,Max Temp,Humidity,Cloudiness,Wind Speed,Country,Date
sao filipe,14.9,-24.5,78.98,66,80,7.2,CV,1605848346
bay roberts,47.6,-53.26,28.0,58,90,20.8,CA,1605848346
skjervoy,70.03,20.97,33.8,69,75,28.86,NO,1605848150
vestmannaeyjar,63.44,-20.27,44.22,67,92,15.61,IS,1605848346
vardo,70.37,31.11,35.6,80,40,21.92,NO,1605848346
hailar,49.2,119.7,21.49,81,100,10.42,CN,1605848347
guerrero negro,27.98,-114.06,67.98,70,11,8.59,MX,1605848347
tasiilaq,65.61,-37.64,32.0,82,100,18.34,GL,1605848347
ponta delgada,37.73,-25.67,62.6,82,20,11.41,PT,1605848298
avera,33.19,-82.53,46.4,70,90,3.36,US,1605848347
geraldton,-28.77,114.6,77.0,53,0,16.11,AU,1605847970
muroto,33.28,134.15,75.2,83,75,2.24,JP,1605848032
mataura,-46.19,168.86,59.0,88,100,5.99,NZ,1605847648
punta arenas,-53.15,-70.92,51.8,66,40,9.17,CL,1605848348
hermanus,-34.42,19.23,61.0,74,0,8.01,ZA,1605847937
avarua,-21.21,-159.78,78.8,83,81,9.17,CK,1605848349
bethel,41.37,-73.41,42.8,56,1,8.05,US,1605848323
iqaluit,63.75,-68.51,1.4,70,20,14.99,CA,1605848237
atuona,-9.8,-139.03,78.6,70,17,7.47,PF,1605848349
hilo,19.73,-155.09,78.8,74,90,4.7,US,1605848350
phuket,8.0,98.25,87.01,70,20,5.82,TH,1605848350
westport,41.14,-73.36,48.2,57,1,18.34,US,1605848350
albany,42.6,-73.97,42.01,64,75,9.17,US,1605848350
namatanai,-3.67,152.43,83.3,74,98,7.45,PG,1605848350
dingle,11.0,122.67,86.09,74,15,10.09,PH,1605848351
ancud,-41.87,-73.82,54.0,87,75,13.87,CL,1605848351
rikitea,-23.12,-134.97,71.49,74,41,24.61,PF,1605848351
new norfolk,-42.78,147.06,68.0,34,47,1.99,AU,1605848352
cherskiy,68.75,161.3,4.64,95,79,2.42,RU,1605848352
victoria,22.29,114.16,82.0,69,4,5.99,HK,1605848225
mahanoro,-19.9,48.8,76.89,62,0,7.52,MG,1605848352
cap malheureux,-19.98,57.61,77.0,70,57,1.99,MU,1605848353
calamar,10.25,-74.91,80.6,88,40,6.93,CO,1605848353
taoudenni,22.68,-3.98,65.01,37,36,15.79,ML,1605848353
progreso,21.28,-89.67,75.99,83,5,11.41,MX,1605848353
de aar,-30.65,24.01,55.87,56,0,14.97,ZA,1605848354
kopavogur,64.11,-21.91,37.4,83,20,9.17,IS,1605848354
kapaa,22.08,-159.32,77.0,78,40,14.99,US,1605848276
ushuaia,-54.8,-68.3,46.4,87,75,8.05,AR,1605848354
qaanaaq,77.48,-69.36,26.13,89,100,10.09,GL,1605848354
bredasdorp,-34.53,20.04,57.2,93,0,5.82,ZA,1605848355
yulara,-25.24,130.99,98.6,10,42,12.75,AU,1605848355
sankeshwar,16.27,74.48,78.8,65,79,6.93,IN,1605848355
chicama,-7.84,-79.15,65.98,74,100,5.28,PE,1605848355
souillac,-20.52,57.52,71.6,94,75,2.24,MU,1605848356
lasa,46.62,10.7,37.99,64,90,13.87,IT,1605848356
luena,-11.78,19.92,64.15,97,100,1.97,AO,1605848356
eyl,7.98,49.82,80.47,50,100,20.83,SO,1605848356
port alfred,-33.59,26.89,64.08,64,22,6.13,ZA,1605848356
linguere,15.4,-15.12,74.77,20,77,8.77,SN,1605848357
hobart,-42.88,147.33,68.0,45,20,21.92,AU,1605848125
bodden town,19.28,-81.25,80.01,90,95,37.0,KY,1605848357
chokurdakh,70.63,147.92,-8.03,90,96,4.88,RU,1605848358
ponta do sol,32.67,-17.1,68.0,77,40,13.87,PT,1605848358
etchoropo,26.77,-109.67,75.0,59,0,10.11,MX,1605848358
severo-kurilsk,50.68,156.12,32.86,90,100,8.14,RU,1605848358
marfino,55.7,37.38,33.01,93,90,15.66,RU,1605848358
brattvag,62.6,6.44,39.2,69,93,10.29,NO,1605848359
bugene,-1.59,31.14,62.37,95,1,1.92,TZ,1605848359
west wendover,40.74,-114.07,42.8,45,1,19.46,US,1605848359
jishou,28.32,109.72,56.08,76,98,6.46,CN,1605848360
thompson,55.74,-97.86,5.0,92,40,4.7,CA,1605848360
khatanga,71.97,102.5,13.26,95,100,10.04,RU,1605848360
maunabo,18.01,-65.9,79.0,100,45,11.23,PR,1605848360
lewiston,44.1,-70.21,37.99,59,1,6.93,US,1605848304
barrow,71.29,-156.79,19.4,92,90,11.41,US,1605848361
vaini,-21.2,-175.2,78.8,83,75,8.05,TO,1605848361
cape town,-33.93,18.42,64.99,67,0,6.93,ZA,1605848322
kenda,23.2,86.53,77.0,78,75,4.72,IN,1605848361
charters towers,-20.1,146.27,92.91,22,0,19.64,AU,1605848362
jasper,37.2,-94.35,63.0,63,1,11.41,US,1605848311
nikolskoye,59.7,30.79,34.0,87,75,11.18,RU,1605848362
bubaque,11.28,-15.83,82.13,70,0,8.68,GW,1605848362
jamestown,42.1,-79.24,53.6,34,40,12.75,US,1605848362
puerto ayora,-0.74,-90.35,71.01,92,72,8.01,EC,1605848363
carnarvon,-24.87,113.63,80.6,39,99,24.16,AU,1605848363
codo,-4.46,-43.89,73.06,94,100,2.46,BR,1605848363
georgetown,5.41,100.34,87.8,74,20,3.36,MY,1605848363
klaksvik,62.23,-6.59,41.0,75,96,19.46,FO,1605848364
yellowknife,62.46,-114.35,1.0,84,75,2.24,CA,1605848364
sadovoye,47.78,44.51,26.02,92,0,15.55,RU,1605848364
cabo san lucas,22.89,-109.91,75.99,56,5,4.7,MX,1605848313
saskylakh,71.92,114.08,16.77,95,100,10.94,RU,1605848365
torbay,47.67,-52.73,28.99,58,90,20.8,CA,1605848365
luderitz,-26.65,15.16,60.93,75,0,3.76,NA,1605848365
candido mendes,-1.45,-45.72,73.11,96,80,3.11,BR,1605848365
coos bay,43.37,-124.22,43.0,100,90,6.93,US,1605848365
port lincoln,-34.73,135.87,67.5,60,83,10.31,AU,1605848366
tiksi,71.69,128.87,2.21,88,100,17.11,RU,1605848366
lorengau,-2.02,147.27,85.73,68,92,5.14,PG,1605848366
pindiga,9.98,10.93,67.96,27,69,8.08,NG,1605848366
khorixas,-20.37,14.97,68.05,32,0,2.75,NA,1605848367
huangchuan,32.13,115.04,57.51,58,75,15.77,CN,1605848367
nishihara,26.18,127.76,82.4,69,75,12.75,JP,1605848367
katsuura,35.13,140.3,73.99,64,75,25.28,JP,1605848367
lompoc,34.64,-120.46,59.0,66,1,5.03,US,1605848246
ilulissat,69.22,-51.1,32.0,89,100,17.22,GL,1605848280
neuquen,-38.95,-68.06,75.2,41,0,3.36,AR,1605848368
lehigh acres,26.63,-81.62,66.99,82,1,8.05,US,1605848078
bluff,-46.6,168.33,59.0,88,100,5.01,NZ,1605848368
esperance,-33.87,121.9,77.0,61,57,16.11,AU,1605848369
coquimbo,-29.95,-71.34,55.4,87,40,5.82,CL,1605848369
busselton,-33.65,115.33,66.99,91,76,7.0,AU,1605848369
moree,-29.47,149.85,95.0,19,32,8.05,AU,1605848369
te anau,-45.42,167.72,60.6,54,98,8.21,NZ,1605848370
saint george,37.1,-113.58,55.99,32,1,3.36,US,1605848190
soyo,-6.13,12.37,77.36,81,100,4.21,AO,1605848370
isangel,-19.55,169.27,78.04,67,3,15.03,VU,1605848371
arraial do cabo,-22.97,-42.03,71.91,83,91,14.27,BR,1605848264
alofi,-19.06,-169.92,82.4,78,53,8.05,NU,1605848371
marsh harbour,26.54,-77.06,74.44,72,48,25.81,BS,1605848371
finschhafen,-6.6,147.87,78.46,86,99,5.03,PG,1605848371
east london,-33.02,27.91,59.0,82,0,6.93,ZA,1605848372
porto santo,33.07,-16.34,68.0,77,40,14.99,PT,1605848372
manicore,-5.81,-61.3,74.07,94,77,1.25,BR,1605848372
saint-augustin,51.23,-58.65,21.38,85,0,8.66,CA,1605848372
livingston,55.9,-3.52,39.99,93,90,2.24,GB,1605848089
lavrentiya,65.58,-171.0,26.26,94,95,12.08,RU,1605848373
airai,-8.93,125.41,79.9,50,30,4.34,TL,1605848373
baykit,61.67,96.37,14.02,93,100,5.08,RU,1605848373
lazaro cardenas,17.96,-102.2,76.3,80,0,5.86,MX,1605848373
castro,-24.79,-50.01,55.13,87,75,7.56,BR,1605848373
coahuayana,18.73,-103.68,76.08,70,0,3.42,MX,1605848374
topolovgrad,42.08,26.33,46.4,65,75,4.7,BG,1605848374
dikson,73.51,80.55,16.75,97,100,25.66,RU,1605848374
gardelegen,52.53,11.4,37.99,81,78,3.0,DE,1605848374
hithadhoo,-0.6,73.08,81.61,70,70,5.21,MV,1605848374
aklavik,68.22,-135.01,3.2,71,1,3.36,CA,1605848375
bengkulu,-3.8,102.27,84.29,71,98,7.09,ID,1605848236
biltine,14.53,20.92,69.49,27,32,9.46,TD,1605848375
darnah,32.77,22.64,61.32,65,61,16.73,LY,1605848375
lata,40.16,-8.33,54.0,90,1,5.99,PT,1605848375
kismayo,-0.36,42.55,82.27,73,0,13.58,SO,1605848376
pangnirtung,66.15,-65.71,7.88,88,76,5.82,CA,1605848376
paraiso,9.84,-83.87,68.0,100,40,2.24,CR,1605848376
san patricio,28.02,-97.52,70.0,88,20,6.93,US,1605848377
mar del plata,-38.0,-57.56,53.6,93,40,4.7,AR,1605848377
hit,33.64,42.83,62.01,42,100,8.48,IQ,1605848377
natal,-5.79,-35.21,78.8,83,40,4.7,BR,1605848331
santa rosa,14.31,121.11,90.0,74,40,9.17,PH,1605848130
miandrivazo,-19.52,45.47,85.17,50,0,0.36,MG,1605848378
richmond,37.55,-77.46,46.4,69,20,9.17,US,1605848116
krasnyy chikoy,50.36,108.75,14.14,82,44,9.13,RU,1605848378
mount gambier,-37.83,140.77,71.6,60,91,13.87,AU,1605848378
upernavik,72.79,-56.15,27.46,95,99,4.34,GL,1605848200
bandarbeyla,9.49,50.81,78.6,63,98,21.0,SO,1605848379
sao paulo de olivenca,-3.38,-68.87,75.11,96,82,1.12,BR,1605848379
caceres,39.52,-6.37,55.0,89,0,6.87,ES,1605848379
butaritari,3.07,172.79,82.31,81,73,15.93,KI,1605848380
portland,45.52,-122.68,45.0,92,92,1.01,US,1605847691
ruteng,-8.61,120.47,75.34,82,70,0.83,ID,1605848380
harper,4.38,-7.72,78.44,82,80,5.84,LR,1605848380
paraisopolis,-22.55,-45.78,63.0,80,21,4.88,BR,1605848381
suhut,38.53,30.55,39.27,85,80,4.41,TR,1605848381
dauphin,51.15,-100.05,19.4,95,90,3.36,CA,1605848191
qaqortoq,60.72,-46.03,30.2,92,100,6.87,GL,1605848381
mercedes,-34.65,-59.43,57.0,90,0,5.41,AR,1605848382
norman wells,65.28,-126.83,-16.6,82,5,3.36,CA,1605848382
saint-philippe,-21.36,55.77,80.6,57,0,8.05,RE,1605848382
ahipara,-35.17,173.17,63.72,60,85,8.46,NZ,1605848382
emsdetten,52.18,7.53,37.4,93,20,5.82,DE,1605848383
bathsheba,13.22,-59.52,78.8,83,40,21.92,BB,1605848383
amga,60.9,131.96,-0.83,89,99,4.97,RU,1605848383
praia da vitoria,38.73,-27.07,59.0,72,75,10.76,PT,1605848383
bambous virieux,-20.34,57.76,77.0,94,75,2.24,MU,1605848383
davenda,53.56,119.32,18.61,89,100,6.02,RU,1605848384
limon,10.0,-83.03,78.04,80,49,8.66,CR,1605848384
polunochnoye,60.87,60.42,30.22,95,100,8.05,RU,1605848384
rawson,-43.3,-65.1,74.03,34,100,25.28,AR,1605848384
kununurra,-15.77,128.73,100.4,33,40,4.7,AU,1605848241
talara,-4.58,-81.27,67.3,75,100,16.06,PE,1605848385
fortuna,40.6,-124.16,45.0,100,1,4.0,US,1605848385
mahebourg,-20.41,57.7,71.6,94,75,2.24,MU,1605848385
broken hill,-31.95,141.43,96.8,8,39,10.29,AU,1605848385
george town,5.41,100.34,87.8,74,20,3.36,MY,1605848096
adrar,20.5,-10.07,67.48,30,20,10.8,MR,1605848386
wanning,18.8,110.4,80.82,77,34,6.76,CN,1605848386
wajima,37.4,136.9,60.8,82,75,14.99,JP,1605848386
narsaq,60.92,-46.05,30.2,92,100,2.19,GL,1605848386
zhuhai,22.28,113.57,90.0,74,20,3.36,CN,1605848387
soria,41.67,-2.67,32.0,100,18,4.59,ES,1605848387
biak,-0.91,122.88,85.51,67,56,1.12,ID,1605848387
touros,-5.2,-35.46,77.0,88,40,4.7,BR,1605848387
shelbyville,35.48,-86.46,51.01,39,0,13.27,US,1605848387
pringsewu,-5.36,104.97,90.12,54,100,2.24,ID,1605848388
homer,59.64,-151.55,37.0,86,75,3.36,US,1605848388
halifax,44.65,-63.57,44.01,75,100,10.29,CA,1605848277
alice springs,-23.7,133.88,89.6,29,75,6.93,AU,1605848181
kupang,-10.17,123.58,96.8,39,40,12.75,ID,1605848271
kirksville,40.19,-92.58,64.4,59,1,13.87,US,1605848389
colac,-38.33,143.58,68.0,85,47,3.0,AU,1605848120
khash,28.22,61.22,51.69,43,0,4.52,IR,1605848389
sur,22.57,59.53,78.21,53,28,13.33,OM,1605848389
tombouctou,20.0,-3.0,67.08,25,3,11.14,ML,1605848390
seoul,37.57,126.98,41.0,69,90,3.36,KR,1605848097
deputatskiy,69.3,139.9,-9.2,90,37,5.77,RU,1605848390
kharp,66.8,65.81,21.33,97,100,6.53,RU,1605848390
tilichiki,60.47,166.1,-0.29,95,64,6.53,RU,1605848391
faanui,-16.48,-151.75,80.01,74,77,9.86,PF,1605848391
chulym,55.1,80.96,15.06,96,100,15.21,RU,1605848391
carutapera,-1.2,-46.02,74.08,95,99,3.8,BR,1605848391
high level,58.52,-117.14,-5.8,91,90,2.24,CA,1605848391
erenhot,43.65,111.98,27.25,81,22,3.65,CN,1605848392
cidreira,-30.18,-50.21,65.07,64,82,4.12,BR,1605848392
namibe,-15.2,12.15,67.06,73,26,6.6,AO,1605848392
dandong,40.13,124.39,35.98,73,0,15.64,CN,1605848392
shimoda,34.67,138.95,71.6,78,75,17.22,JP,1605848393
puerto escondido,15.85,-97.07,80.6,78,40,3.36,MX,1605848393
konotop,51.24,33.2,28.76,96,21,14.88,UA,1605848393
pavilosta,56.89,21.19,41.0,48,58,14.99,LV,1605848393
mehamn,71.04,27.85,33.8,86,90,33.33,NO,1605848394
santa vitoria do palmar,-33.52,-53.37,57.25,78,2,3.02,BR,1605848394
lagoa,39.05,-27.98,61.23,70,63,7.7,PT,1605848394
pevek,69.7,170.31,19.35,97,100,3.65,RU,1605848394
sambava,-14.27,50.17,77.25,63,15,7.16,MG,1605848394
nipawin,53.37,-104.0,14.0,78,90,8.05,CA,1605848126
tezpur,26.63,92.8,73.94,67,15,4.54,IN,1605848395
san ramon,37.78,-121.98,51.01,70,1,2.73,US,1605848395
viru,-8.42,-78.75,68.34,66,100,2.89,PE,1605848395
butte,39.65,-121.57,53.6,58,1,5.82,US,1605848396
nome,64.5,-165.41,26.6,86,90,20.8,US,1605848396
port elizabeth,-33.92,25.57,57.2,93,20,5.01,ZA,1605848396
basoko,1.24,23.62,73.22,94,99,1.52,CD,1605848396
kodiak,57.79,-152.41,35.6,93,90,3.36,US,1605848373
tari,12.41,4.49,67.55,26,0,9.8,NG,1605848397
burnie,-41.07,145.92,75.99,25,70,14.0,AU,1605848285
egvekinot,66.32,-179.17,25.5,99,100,4.72,RU,1605848397
port hardy,50.7,-127.42,44.6,100,75,12.06,CA,1605848397
wagar,16.15,36.2,76.39,59,2,4.47,SD,1605848397
paamiut,61.99,-49.67,31.05,93,30,4.18,GL,1605848398
berlevag,70.86,29.09,33.8,86,90,33.33,NO,1605848221
mizdah,31.45,12.98,55.29,90,0,7.87,LY,1605848398
ulaanbaatar,47.91,106.88,6.8,71,0,8.95,MN,1605848153
kargopol,61.51,38.95,43.07,82,100,15.17,RU,1605848399
huarmey,-10.07,-78.15,64.81,80,91,6.87,PE,1605848399
khanpur,28.65,70.66,72.41,22,0,9.08,PK,1605848399
tuktoyaktuk,69.45,-133.04,1.4,77,5,10.29,CA,1605848399
cayenne,4.93,-52.33,75.2,100,90,1.12,GF,1605848340
kutum,14.2,24.67,61.92,32,0,5.3,SD,1605848400
ulaangom,49.98,92.07,14.67,87,64,3.65,MN,1605848401
ambulu,-8.35,113.61,88.2,65,13,7.25,ID,1605848402
dunedin,-45.87,170.5,59.0,74,100,5.99,NZ,1605848407
saintes,45.67,-0.75,39.99,93,0,5.44,FR,1605848415
hurghada,27.26,33.81,64.4,68,0,8.05,EG,1605848417
amapa,1.0,-52.0,71.96,98,100,1.43,BR,1605848419
idenao,4.25,9.0,73.4,100,20,4.7,CM,1605848423
bafq,31.61,55.41,50.52,47,1,0.87,IR,1605848423
sosnovo-ozerskoye,52.52,111.54,9.73,85,60,15.73,RU,1605848423
tautira,-17.73,-149.15,80.6,78,75,4.7,PF,1605848424
sheridan,44.83,-106.92,30.0,73,1,4.7,US,1605848424
ust-nera,64.57,143.2,-19.32,78,100,4.99,RU,1605848424
calnali,20.92,-98.58,54.14,100,29,3.04,MX,1605848424
omsukchan,62.53,155.8,-7.26,86,99,4.07,RU,1605848425
uarini,-2.99,-65.11,75.31,96,54,2.46,BR,1605848425
waingapu,-9.66,120.26,90.46,54,12,13.91,ID,1605848426
mandalgovi,45.76,106.27,16.59,79,100,19.71,MN,1605848426
cimarron hills,38.86,-104.7,46.4,45,1,8.05,US,1605848183
sitka,57.05,-135.33,39.2,60,75,13.87,US,1605848427
alta floresta,-9.88,-56.09,69.39,97,74,0.47,BR,1605848296
lake cowichan,48.83,-124.05,42.01,100,90,4.7,CA,1605848428
blythe,33.61,-114.6,62.6,29,1,8.05,US,1605848428
bulgan,48.81,103.53,13.78,78,78,3.56,MN,1605848429
moose factory,51.26,-80.61,32.0,96,90,12.75,CA,1605848429
the valley,18.22,-63.06,80.6,83,20,11.41,AI,1605848430
solnechnyy,50.72,136.63,24.21,80,100,2.77,RU,1605848430
ozinki,51.18,49.68,17.31,77,18,8.95,RU,1605848430
olinda,-8.01,-34.86,80.6,78,75,9.17,BR,1605848315
corinto,37.94,22.96,53.6,62,40,10.29,GR,1605848431
borogontsy,62.67,131.17,-6.83,90,100,1.97,RU,1605848432
chardara,41.25,67.97,24.19,84,84,7.78,KZ,1605848432
muros,42.78,-9.06,52.0,81,3,5.01,ES,1605848432
ulu-telyak,54.91,56.97,17.33,89,91,9.46,RU,1605848432
mpongwe,-13.51,28.16,71.51,82,36,2.1,ZM,1605848433
hualmay,-11.1,-77.61,64.15,81,74,6.17,PE,1605848433
broome,42.25,-75.83,42.01,55,75,4.7,US,1605848434
quelimane,-17.88,36.89,80.6,83,40,11.41,MZ,1605848434
menomonie,44.88,-91.92,41.0,93,1,5.82,US,1605848284
ipswich,52.06,1.16,36.0,86,7,5.82,GB,1605848406
semporna,4.48,118.61,89.6,66,20,5.82,MY,1605848435
aswan,24.09,32.91,62.4,59,0,8.39,EG,1605848435
pochutla,15.74,-96.47,79.0,83,59,2.59,MX,1605848436
dubti,11.74,41.09,75.04,58,0,10.87,ET,1605848436
codrington,-38.27,141.97,61.39,78,98,13.67,AU,1605848437
pravdinskiy,56.07,37.85,32.0,93,90,17.9,RU,1605848438
meulaboh,4.14,96.13,83.73,72,25,6.67,ID,1605848438
sola,-13.88,167.55,80.19,82,100,17.2,VU,1605848438
tupik,54.43,119.93,11.25,92,100,4.68,RU,1605848439
qeshm,26.96,56.27,71.6,35,20,6.93,IR,1605848439
warmbad,-28.45,18.73,72.43,33,0,16.02,NA,1605848440
pisco,-13.7,-76.22,63.0,82,0,6.93,PE,1605848440
den helder,52.96,4.76,48.0,61,75,10.29,NL,1605848265
komatipoort,-25.43,31.95,68.0,71,95,3.0,ZA,1605848441
kenai,60.55,-151.26,26.01,68,90,13.87,US,1605848441
gander,48.97,-54.59,24.8,73,90,13.87,CA,1605848340
hambantota,6.12,81.12,86.0,79,20,3.36,LK,1605848442
kudat,6.88,116.85,84.2,79,20,4.7,MY,1605848370
san jose,37.34,-121.89,53.6,66,40,5.82,US,1605848362
luziania,-16.25,-47.95,66.2,100,40,2.24,BR,1605848364
palmas bellas,9.23,-80.09,77.0,90,51,4.0,PA,1605848443
kananga,-5.9,22.42,69.37,98,99,1.12,CD,1605848443
tuatapere,-46.13,167.68,59.0,89,100,4.0,NZ,1605848444
nokaneng,-19.67,22.27,76.64,61,99,8.75,BW,1605848444
oistins,13.07,-59.53,78.8,83,40,21.92,BB,1605848444
presidencia roque saenz pena,-26.79,-60.44,65.41,67,1,0.98,AR,1605848445
camacha,33.08,-16.33,68.0,77,40,14.99,PT,1605848445
provideniya,64.38,-173.3,30.2,80,90,13.42,RU,1605848445
beipiao,41.79,120.78,34.09,68,0,11.54,CN,1605848446
inuvik,68.35,-133.72,3.2,71,26,3.36,CA,1605848419
tianpeng,30.99,103.94,64.0,1,100,1.86,CN,1605848447
mayumba,-3.43,10.66,76.64,90,100,5.86,GA,1605848447
khalkhal,37.62,48.53,34.21,89,91,4.27,IR,1605848448
lebyazhye,55.27,66.49,17.89,95,26,15.7,RU,1605848448
constantine,36.37,6.61,53.29,83,83,3.24,DZ,1605848449
lundazi,-12.29,33.18,80.44,35,5,7.92,ZM,1605848449
ribeira grande,38.52,-28.7,59.09,70,7,3.47,PT,1605848450
luganville,-15.53,167.17,80.6,83,75,8.05,VU,1605848450
buala,-8.14,159.59,78.91,85,100,7.78,SB,1605848451
ust-ilimsk,58.0,102.66,12.97,93,100,9.13,RU,1605848451
mumford,5.26,-0.76,77.2,85,5,5.19,GH,1605848451
sabang,5.89,95.32,82.47,71,40,4.54,ID,1605848451
ixtapa,20.7,-105.2,79.0,83,5,3.4,MX,1605848451
los llanos de aridane,28.66,-17.92,66.2,82,20,6.93,ES,1605848452
hofn,64.25,-15.21,40.8,79,100,6.55,IS,1605848452
caravelas,-17.71,-39.25,74.75,92,100,10.27,BR,1605848452
aden,12.78,45.04,79.81,64,83,10.94,YE,1605848284
chuy,-33.7,-53.46,58.64,79,20,3.58,UY,1605848452
puri,19.8,85.85,84.2,74,35,5.82,IN,1605848453
pithapuram,17.12,82.27,84.2,74,40,1.79,IN,1605848453
arles,43.68,4.63,50.0,58,0,9.17,FR,1605848453
taungdwingyi,20.02,95.55,81.46,57,0,6.96,MM,1605848454
husavik,66.04,-17.34,32.0,93,90,5.82,IS,1605848454
batamshinskiy,50.56,58.27,12.2,72,0,11.18,KZ,1605848455
pokhara,28.23,83.98,72.01,26,0,5.41,NP,1605848455
tevriz,57.51,72.4,22.53,89,100,11.99,RU,1605848455
moron,-34.65,-58.62,66.0,83,0,3.0,AR,1605848456
saldanha,-33.01,17.94,60.8,63,0,4.7,ZA,1605848456
ajdabiya,30.76,20.23,59.72,82,17,6.38,LY,1605848456
parana,-31.73,-60.52,66.99,58,0,1.99,AR,1605848457
parsons,37.34,-95.26,62.6,67,1,9.17,US,1605848203
praya,14.92,-23.51,77.0,78,0,16.11,CV,1605848457
palmer,42.16,-72.33,43.0,52,75,9.17,US,1605848458
dehloran,32.69,47.27,68.23,35,91,11.18,IR,1605848458
kavaratti,10.57,72.64,84.2,83,40,6.93,IN,1605848458
nanortalik,60.14,-45.24,31.53,96,100,13.82,GL,1605848255
bontang,0.13,117.5,85.19,64,77,7.45,ID,1605848459
garden city,42.33,-83.33,57.2,35,75,19.46,US,1605848459
los angeles,34.05,-118.24,57.2,87,1,0.98,US,1605848126
lebu,-37.62,-73.65,51.51,85,97,2.59,CL,1605848460
songea,-10.68,35.65,69.8,88,20,5.82,TZ,1605848233
zabaykalsk,49.63,117.32,15.64,86,100,17.29,RU,1605848460
port moresby,-9.44,147.18,91.4,59,40,17.22,PG,1605848461
salalah,17.02,54.09,78.8,44,0,2.24,OM,1605848434
matara,5.95,80.54,85.05,65,40,5.32,LK,1605848462
rabo de peixe,37.8,-25.58,62.6,82,20,11.41,PT,1605848462
longyearbyen,78.22,15.64,15.8,52,20,12.75,SJ,1605848463
camabatela,-8.19,15.38,63.21,100,100,3.6,AO,1605848463
preobrazheniye,42.9,133.91,37.31,89,100,7.92,RU,1605848463
perth,-31.93,115.83,79.0,47,0,18.34,AU,1605848174
nelson bay,-32.72,152.15,91.4,46,1,9.17,AU,1605848464
krasnoselkup,65.7,82.47,11.53,96,98,15.48,RU,1605848464
necochea,-38.55,-58.74,54.0,84,1,10.0,AR,1605848464
saint-jean-port-joli,47.22,-70.27,28.4,63,90,11.41,CA,1605848464
gobabis,-22.45,18.97,71.87,24,60,8.93,NA,1605848465
mazamari,-11.33,-74.53,69.4,82,87,1.54,PE,1605848465
najran,17.49,44.13,55.4,47,0,2.24,SA,1605848465
leningradskiy,69.38,178.42,25.95,98,100,7.11,RU,1605848465
burgersdorp,-31.0,26.33,52.66,58,0,7.38,ZA,1605848466
tual,-5.67,132.75,84.96,70,75,8.25,ID,1605848466
port blair,11.67,92.75,84.09,69,76,14.18,IN,1605848466
san juan,-31.54,-68.54,70.77,47,75,3.13,AR,1605848451
morden,49.19,-98.1,28.4,86,67,5.82,CA,1605848467
waipawa,-41.41,175.52,64.4,63,78,13.87,NZ,1605848467
do gonbadan,30.36,50.8,53.6,76,40,2.35,IR,1605848467
roros,62.57,11.38,28.4,79,90,20.8,NO,1605848468
tuyen quang,21.82,105.22,79.57,74,90,3.76,VN,1605848279
teahupoo,-17.83,-149.27,80.6,78,75,4.7,PF,1605848468
ibipeba,-11.64,-42.01,67.46,92,100,1.86,BR,1605848468
encruzilhada do sul,-30.54,-52.52,52.03,98,17,4.74,BR,1605848469
chumikan,54.72,135.31,12.88,87,0,20.78,RU,1605848469
porto novo,6.5,2.6,78.8,88,20,4.7,BJ,1605848341
komsomolskiy,40.43,71.72,23.0,85,0,2.24,UZ,1605848469
san policarpo,12.18,125.51,84.79,69,67,6.2,PH,1605848469
kalabo,-14.97,22.68,70.25,86,100,1.83,ZM,1605848470
vila franca do campo,37.72,-25.43,62.6,82,20,11.41,PT,1605848470
toyooka,35.53,134.83,66.2,77,40,11.41,JP,1605848470
grindavik,63.84,-22.43,35.6,93,75,11.41,IS,1605848470
caibiran,11.57,124.58,86.85,65,26,1.48,PH,1605848471
tazovskiy,67.47,78.7,9.97,95,93,15.19,RU,1605848471
kieta,-6.22,155.63,83.35,75,96,6.62,PG,1605848471
eureka,40.8,-124.16,45.0,90,10,7.34,US,1605848471
atocha,-20.93,-66.23,43.47,44,0,6.58,BO,1605848472
berlin,52.52,13.41,39.99,93,0,11.41,DE,1605848289
dali,25.7,100.18,61.34,36,0,7.52,CN,1605848472
san quintin,30.48,-115.95,65.17,75,31,11.74,MX,1605848472
umm lajj,25.02,37.27,76.37,70,2,4.74,SA,1605848452
litovko,49.24,135.17,26.49,75,100,4.05,RU,1605848473
yershov,51.35,48.28,17.38,78,39,8.81,RU,1605848473
bilma,18.69,12.92,59.02,35,0,12.08,NE,1605848473
zhanakorgan,43.91,67.25,18.01,85,0,3.8,KZ,1605848473
marion,39.77,-86.16,60.8,28,75,14.99,US,1605848474
iquique,-20.22,-70.14,60.8,72,0,4.7,CL,1605848474
balsas,-7.53,-46.04,72.03,96,100,3.42,BR,1605848474
ballina,-28.87,153.57,84.2,61,0,19.46,AU,1605848474
ormara,25.21,64.64,75.33,29,0,21.94,PK,1605848475
clyde river,70.47,-68.59,10.4,85,90,16.11,CA,1605848461
quatre cocos,-20.21,57.76,77.0,94,75,2.24,MU,1605848475
covington,39.08,-84.51,57.2,30,1,13.87,US,1605848475
acarau,-2.89,-40.12,77.52,87,70,8.21,BR,1605848476
kaz,52.91,87.31,19.06,83,97,3.44,RU,1605848476
hirara,24.8,125.28,82.4,74,40,9.17,JP,1605848476
sao borja,-28.66,-56.0,61.34,84,16,4.68,BR,1605848477
pontes e lacerda,-15.23,-59.34,65.48,88,23,1.28,BR,1605848477
chapais,49.78,-74.85,30.2,100,90,9.17,CA,1605848477
kalawit,8.07,122.52,85.32,75,14,6.76,PH,1605848478
pueblo,38.25,-104.61,55.0,45,0,10.0,US,1605848478
mbandaka,0.05,18.26,71.04,96,49,2.66,CD,1605848478
abashiri,44.02,144.27,48.2,81,75,4.7,JP,1605848478
kahului,20.89,-156.47,78.8,61,40,12.75,US,1605848184
lanzhou,36.06,103.79,46.0,55,99,13.87,CN,1605848479
mtwara,-10.27,40.18,80.6,83,75,5.82,TZ,1605848479
kiama,-34.68,150.87,87.01,62,6,3.0,AU,1605848480
saint-pierre,-21.34,55.48,77.0,57,0,8.05,RE,1605848480
hervey bay,-25.3,152.85,84.99,48,40,14.99,AU,1605848214
vaitape,-16.52,-151.75,80.83,72,76,9.73,PF,1605848480
bogalusa,30.79,-89.85,57.0,93,1,4.03,US,1605848481
sikar,27.62,75.15,71.35,22,0,6.06,IN,1605848481
atar,20.52,-13.05,71.11,26,1,10.2,MR,1605848481
kavieng,-2.57,150.8,84.25,75,98,9.86,PG,1605848481
pafos,34.77,32.42,57.2,93,40,6.93,CY,1605848482
locri,38.24,16.26,61.0,97,38,3.96,IT,1605848482
radcliff,37.84,-85.95,55.4,30,1,13.87,US,1605848482
santo tomas,14.11,121.14,90.0,74,40,9.17,PH,1605848483
aykhal,66.0,111.5,3.2,84,0,4.47,RU,1605848483
inhambane,-23.86,35.38,78.8,83,75,9.17,MZ,1605848483
samarai,-10.62,150.67,82.13,81,55,12.97,PG,1605848484
road town,18.42,-64.62,79.0,89,32,15.99,VG,1605848367
ararat,39.83,44.7,39.2,64,40,6.53,AM,1605848484
grand gaube,-20.01,57.66,77.0,70,60,1.99,MU,1605848484
kerema,-7.96,145.78,83.48,78,98,7.9,PG,1605848484
ronne,55.1,14.71,39.2,55,24,5.82,DK,1605848485
carbonia,39.17,8.52,59.0,76,40,14.99,IT,1605848485
constitucion,-35.33,-72.42,52.83,79,100,2.28,CL,1605848485
carpinteria,34.4,-119.52,57.99,68,76,5.19,US,1605848485
smithers,54.78,-127.17,19.4,92,90,3.36,CA,1605848452
la ronge,55.1,-105.28,8.6,78,87,4.7,CA,1605848486
maceio,-9.67,-35.74,73.4,100,40,3.36,BR,1605848341
juegang,32.32,121.19,60.01,70,65,1.01,CN,1605848486
pechenga,69.53,31.17,33.8,91,75,20.8,RU,1605848487
zwedru,6.07,-8.13,70.45,98,16,1.83,LR,1605848487
nogliki,51.83,143.17,25.09,87,79,13.73,RU,1605848487
japura,-0.32,102.35,95.79,48,75,0.96,ID,1605848487
neiafu,-18.65,-173.98,78.8,94,75,9.17,TO,1605848488
mathathane,-22.27,28.75,74.23,67,34,25.84,BW,1605848488
cockburn town,21.46,-71.14,80.91,77,67,19.26,TC,1605848488
bestobe,52.5,73.1,14.29,94,0,16.31,KZ,1605848488
puerto plata,19.79,-70.69,73.0,94,75,5.82,DO,1605848489
santa fe,-31.63,-60.7,66.99,47,0,5.01,AR,1605848489
caxito,-8.58,13.66,77.0,83,75,2.24,AO,1605848489
tarakan,3.3,117.63,82.72,71,100,3.56,ID,1605848489
la romana,18.43,-68.97,78.8,88,40,8.05,DO,1605848490
hamilton,39.18,-84.53,57.2,30,1,13.87,US,1605848273
itacoatiara,-3.14,-58.44,75.58,92,86,2.91,BR,1605848384
zhemtala,43.28,43.66,35.6,100,90,1.74,RU,1605848490
bemidji,47.47,-94.88,28.99,92,90,9.17,US,1605848415
kibre mengist,5.88,38.98,61.05,72,0,3.4,ET,1605848491
kirakira,-10.45,161.92,79.79,86,100,10.78,SB,1605848491
karratha,-20.74,116.85,94.05,28,40,13.49,AU,1605848491
antofagasta,-23.65,-70.4,59.0,82,20,12.75,CL,1605848349
sarangani,5.4,125.46,84.06,73,45,6.2,PH,1605848492
laguna,38.42,-121.42,54.0,70,1,3.36,US,1605848492
hasaki,35.73,140.83,73.99,73,75,21.92,JP,1605848492
sohag,26.56,31.69,55.4,71,0,3.36,EG,1605848492
labuhan,-6.88,112.21,89.06,59,53,4.76,ID,1605848493
dubovskoye,47.41,42.76,26.35,94,0,16.71,RU,1605848493
bonnyville,54.27,-110.73,12.2,78,90,4.7,CA,1605848405
beloha,-25.17,45.05,78.15,54,4,7.65,MG,1605848493
canutama,-6.53,-64.38,75.07,91,7,1.99,BR,1605848494
naze,28.37,129.48,80.6,78,75,17.22,JP,1605848494
kangaatsiaq,68.31,-53.46,31.78,97,100,11.36,GL,1605848494
glinka,54.64,32.88,32.02,96,100,17.36,RU,1605848494
socond,47.57,22.95,43.0,93,71,0.49,RO,1605848495
teknaf,20.86,92.31,82.85,44,0,4.81,BD,1605848495
poronaysk,49.22,143.12,27.09,81,100,11.74,RU,1605848495
impruneta,43.69,11.25,54.0,66,40,10.29,IT,1605848496
bonavista,48.65,-53.11,28.0,68,28,6.93,CA,1605848496
fort nelson,58.81,-122.7,-4.0,76,40,3.36,CA,1605848404
gigmoto,13.78,124.39,85.19,71,35,8.32,PH,1605848496
faya,18.39,42.45,53.6,100,0,0.49,SA,1605848497
hvide sande,56.0,8.13,37.99,81,72,25.41,DK,1605848497
ondjiva,-17.07,15.73,73.67,33,96,6.02,AO,1605848497
moche,-8.17,-79.01,64.35,80,100,5.88,PE,1605848497
fare,-16.7,-151.02,81.01,71,91,8.68,PF,1605848498
strelka,58.07,93.03,17.15,93,100,9.82,RU,1605848498
kholm,59.27,32.85,40.53,70,100,11.99,RU,1605848498
nantucket,41.28,-70.1,53.6,76,75,20.8,US,1605848498
kamenka,51.32,42.77,20.08,93,0,10.65,RU,1605848499
trondheim,63.43,10.4,36.0,87,100,8.01,NO,1605848292
thinadhoo,0.53,72.93,82.4,68,94,4.12,MV,1605848499
nalut,30.33,10.85,52.21,90,0,4.56,LY,1605848499
san felipe,10.34,-68.74,72.93,93,55,2.19,VE,1605848499
chor,25.52,69.77,77.76,18,0,6.67,PK,1605848500
bowen,-20.02,148.23,86.0,51,8,20.8,AU,1605848500
comodoro rivadavia,-45.87,-67.5,57.2,87,0,4.7,AR,1605848501
mount isa,-20.73,139.5,98.6,18,40,10.29,AU,1605848501
santa barbara,34.73,-120.03,53.01,71,1,6.78,US,1605848501
aquiraz,-3.9,-38.39,80.6,83,20,6.93,BR,1605848501
yar-sale,66.83,70.83,26.35,97,100,20.54,RU,1605848502
slavsk,55.04,21.68,39.99,70,47,11.79,RU,1605848502
cotoca,-17.82,-63.05,68.0,94,75,4.23,BO,1605848502
kristiansand,58.15,8.0,37.4,64,21,9.17,NO,1605848503
fairbanks,64.84,-147.72,3.99,83,1,1.32,US,1605848279
zhigansk,66.77,123.37,-3.32,90,100,16.4,RU,1605848503
marovoay,-16.1,46.63,82.4,78,40,4.7,MG,1605848503
nara,34.69,135.8,78.8,69,75,11.41,JP,1605848255
antoniny,49.81,26.88,36.16,91,95,8.41,UA,1605848504
fort-shevchenko,44.51,50.26,29.98,82,0,25.86,KZ,1605848504
sisimiut,66.94,-53.67,29.03,96,100,8.84,GL,1605848504
mamontovo,52.71,81.62,15.3,94,99,13.65,RU,1605848504
ugoofaaru,5.67,73.0,82.56,74,97,8.16,MV,1605848504
gelemso,8.82,40.52,60.55,58,0,4.81,ET,1605848486
sancraieni,46.31,25.84,30.99,46,0,1.72,RO,1605848505
wuwei,37.93,102.64,33.51,83,74,14.03,CN,1605848506
christchurch,-43.53,172.63,64.99,63,66,10.29,NZ,1605848478
piranhas,-16.43,-51.82,71.65,89,32,3.04,BR,1605848506
belmonte,-15.86,-38.88,77.0,88,75,12.75,BR,1605848506
port hedland,-20.32,118.57,89.6,49,34,12.75,AU,1605848506
sterlibashevo,53.44,55.26,15.87,89,98,11.5,RU,1605848507
gushikawa,26.35,127.87,82.4,83,90,10.29,JP,1605848507
tumut,-35.3,148.22,89.42,35,0,3.29,AU,1605848507
karpathos,35.51,27.21,57.2,82,45,12.75,GR,1605848463
cap-aux-meules,47.38,-61.86,32.0,97,100,8.05,CA,1605848507
dukat,62.55,155.55,-9.35,89,100,3.91,RU,1605848508
isla mujeres,21.23,-86.73,77.0,88,75,10.29,MX,1605848508
henties bay,-22.12,14.28,57.99,88,75,3.0,NA,1605848508
chegdomyn,51.12,133.02,18.43,85,100,1.21,RU,1605848508
leninskoye,41.76,69.39,21.2,62,100,3.42,KZ,1605848509
newport,51.59,-3.0,42.01,88,100,8.61,GB,1605848503
el sauce,12.89,-86.54,72.93,86,76,2.68,NI,1605848509
vila velha,-20.33,-40.29,81.0,88,75,4.7,BR,1605848509
high prairie,55.43,-116.49,1.4,91,98,2.24,CA,1605848510
rassvet,46.83,40.75,31.35,93,22,16.04,RU,1605848510
barra,-11.09,-43.14,69.85,91,100,5.99,BR,1605848510
barrhead,55.8,-4.39,41.0,86,90,8.05,GB,1605848510
hannibal,39.71,-91.36,62.01,31,90,13.87,US,1605848511
kruisfontein,-34.0,24.73,59.22,71,0,6.42,ZA,1605848511
dunmore east,52.15,-6.99,51.01,91,100,4.0,IE,1605848511
kolyvan,55.31,82.74,21.2,92,90,15.66,RU,1605848511
puerto carreno,6.19,-67.49,75.97,85,0,8.43,CO,1605848511
iskateley,67.68,53.15,39.24,91,100,25.77,RU,1605848512
vagur,61.47,-6.81,44.65,85,100,30.8,FO,1605848512
prince rupert,54.32,-130.32,41.0,93,90,8.05,CA,1605848354
tonota,-21.48,27.48,75.2,50,0,10.29,BW,1605848513
sidi ali,36.1,0.42,52.84,89,0,3.53,DZ,1605848513
kaitangata,-46.28,169.85,59.0,92,100,8.01,NZ,1605848513
mirabad,30.44,61.84,47.21,49,0,13.15,AF,1605848513
talcahuano,-36.72,-73.12,57.2,67,87,4.7,CL,1605848416
wamba,8.93,8.6,70.65,39,43,2.3,NG,1605848514
madimba,-10.4,40.33,80.6,83,75,5.82,TZ,1605848514
tura,25.52,90.22,74.23,74,18,0.92,IN,1605848514
contai,21.78,87.75,86.14,52,0,3.6,IN,1605848514
siocon,7.71,122.14,85.87,70,17,3.06,PH,1605848515
pamplona,42.82,-1.64,46.99,75,20,14.99,ES,1605848495
pavlodar,52.3,76.95,21.2,79,90,13.42,KZ,1605848515
ketchikan,55.34,-131.65,35.6,93,90,13.87,US,1605848515
angoche,-16.23,39.91,81.75,73,0,10.2,MZ,1605848516
strezhevoy,60.73,77.59,17.6,85,40,17.9,RU,1605848516
dubbo,-32.25,148.62,98.6,19,40,6.93,AU,1605848229
ostrovnoy,68.05,39.51,37.22,92,93,28.07,RU,1605848517
san miguel,13.48,-88.18,73.72,91,100,2.53,SV,1605848517
tahta,26.77,31.5,55.4,71,0,3.36,EG,1605848517
dovers,12.88,-61.18,81.54,77,5,18.84,VC,1605848517
acapulco,16.86,-99.89,79.18,57,36,4.65,MX,1605848518
ossora,59.24,163.07,17.74,80,38,3.56,RU,1605848518
whitehorse,60.72,-135.05,1.4,70,20,11.41,CA,1605848518
weirton,40.42,-80.59,60.8,23,1,16.11,US,1605848518
inta,66.03,60.17,36.28,95,100,24.23,RU,1605848519
piacabucu,-10.41,-36.43,77.61,83,100,12.73,BR,1605848519
mossendjo,-2.95,12.73,68.63,99,99,1.36,CG,1605848519
mae hong son,19.3,97.97,80.6,61,20,2.35,TH,1605848469
ternate,0.8,127.4,84.97,72,26,6.64,ID,1605848520
weyburn,49.67,-103.85,17.6,85,83,16.11,CA,1605848520
milos,36.75,24.43,55.4,76,100,23.04,GR,1605848520
xichang,27.9,102.26,62.89,45,0,5.35,CN,1605848520
thaba nchu,-29.21,26.84,57.2,82,0,3.36,ZA,1605848521
sydney,-33.87,151.21,86.0,51,40,19.46,AU,1605848521
siquirres,10.1,-83.51,66.0,90,61,3.0,CR,1605848521
